{
  "hash": "745a02d6",
  "configHash": "96867bea",
  "lockfileHash": "989ce8df",
  "browserHash": "65d5d84e",
  "optimized": {
    "@angular/core": {
      "src": "../../../../../../node_modules/@angular/core/fesm2022/core.mjs",
      "file": "@angular_core.js",
      "fileHash": "1c590a77",
      "needsInterop": false
    },
    "@angular/core/rxjs-interop": {
      "src": "../../../../../../node_modules/@angular/core/fesm2022/rxjs-interop.mjs",
      "file": "@angular_core_rxjs-interop.js",
      "fileHash": "4314b1bd",
      "needsInterop": false
    },
    "@angular/fire/app": {
      "src": "../../../../../../node_modules/@angular/fire/fesm2022/angular-fire-app.mjs",
      "file": "@angular_fire_app.js",
      "fileHash": "15471129",
      "needsInterop": false
    },
    "@angular/fire/database": {
      "src": "../../../../../../node_modules/@angular/fire/fesm2022/angular-fire-database.mjs",
      "file": "@angular_fire_database.js",
      "fileHash": "fc822998",
      "needsInterop": false
    },
    "@angular/forms": {
      "src": "../../../../../../node_modules/@angular/forms/fesm2022/forms.mjs",
      "file": "@angular_forms.js",
      "fileHash": "8629dd17",
      "needsInterop": false
    },
    "@angular/platform-browser": {
      "src": "../../../../../../node_modules/@angular/platform-browser/fesm2022/platform-browser.mjs",
      "file": "@angular_platform-browser.js",
      "fileHash": "d3b921fc",
      "needsInterop": false
    },
    "@angular/router": {
      "src": "../../../../../../node_modules/@angular/router/fesm2022/router.mjs",
      "file": "@angular_router.js",
      "fileHash": "b442ec98",
      "needsInterop": false
    },
    "rxjs": {
      "src": "../../../../../../node_modules/rxjs/dist/esm5/index.js",
      "file": "rxjs.js",
      "fileHash": "2751957a",
      "needsInterop": false
    },
    "uuid": {
      "src": "../../../../../../node_modules/uuid/dist/index.js",
      "file": "uuid.js",
      "fileHash": "f340b7f2",
      "needsInterop": false
    },
    "zone.js": {
      "src": "../../../../../../node_modules/zone.js/fesm2015/zone.js",
      "file": "zone__js.js",
      "fileHash": "316752f2",
      "needsInterop": true
    }
  },
  "chunks": {
    "chunk-7P2SHZDH": {
      "file": "chunk-7P2SHZDH.js"
    },
    "chunk-AUU3DEHG": {
      "file": "chunk-AUU3DEHG.js"
    },
    "chunk-BBZEKOSC": {
      "file": "chunk-BBZEKOSC.js"
    },
    "chunk-CVZBA53V": {
      "file": "chunk-CVZBA53V.js"
    },
    "chunk-TEH7AVLN": {
      "file": "chunk-TEH7AVLN.js"
    },
    "chunk-RIDHFJOA": {
      "file": "chunk-RIDHFJOA.js"
    },
    "chunk-JI2ZN7O6": {
      "file": "chunk-JI2ZN7O6.js"
    },
    "chunk-5K356HEJ": {
      "file": "chunk-5K356HEJ.js"
    }
  }
}