{
  "hash": "4f735308",
  "configHash": "88b9d06f",
  "lockfileHash": "989ce8df",
  "browserHash": "944189e2",
  "optimized": {
    "@angular/core": {
      "src": "../../../../../../node_modules/@angular/core/fesm2022/core.mjs",
      "file": "@angular_core.js",
      "fileHash": "3b517f61",
      "needsInterop": false
    },
    "@angular/core/rxjs-interop": {
      "src": "../../../../../../node_modules/@angular/core/fesm2022/rxjs-interop.mjs",
      "file": "@angular_core_rxjs-interop.js",
      "fileHash": "8bffd16b",
      "needsInterop": false
    },
    "@angular/fire/app": {
      "src": "../../../../../../node_modules/@angular/fire/fesm2022/angular-fire-app.mjs",
      "file": "@angular_fire_app.js",
      "fileHash": "f510dfbf",
      "needsInterop": false
    },
    "@angular/fire/database": {
      "src": "../../../../../../node_modules/@angular/fire/fesm2022/angular-fire-database.mjs",
      "file": "@angular_fire_database.js",
      "fileHash": "871d45d3",
      "needsInterop": false
    },
    "@angular/forms": {
      "src": "../../../../../../node_modules/@angular/forms/fesm2022/forms.mjs",
      "file": "@angular_forms.js",
      "fileHash": "89dcb900",
      "needsInterop": false
    },
    "@angular/platform-browser": {
      "src": "../../../../../../node_modules/@angular/platform-browser/fesm2022/platform-browser.mjs",
      "file": "@angular_platform-browser.js",
      "fileHash": "86ccab67",
      "needsInterop": false
    },
    "@angular/platform-server/init": {
      "src": "../../../../../../node_modules/@angular/platform-server/fesm2022/init.mjs",
      "file": "@angular_platform-server_init.js",
      "fileHash": "7a1033bf",
      "needsInterop": false
    },
    "@angular/router": {
      "src": "../../../../../../node_modules/@angular/router/fesm2022/router.mjs",
      "file": "@angular_router.js",
      "fileHash": "1ed1a471",
      "needsInterop": false
    },
    "@angular/ssr": {
      "src": "../../../../../../node_modules/@angular/ssr/fesm2022/ssr.mjs",
      "file": "@angular_ssr.js",
      "fileHash": "8f56393a",
      "needsInterop": false
    },
    "@angular/ssr/node": {
      "src": "../../../../../../node_modules/@angular/ssr/fesm2022/node.mjs",
      "file": "@angular_ssr_node.js",
      "fileHash": "1d5f6875",
      "needsInterop": false
    },
    "express": {
      "src": "../../../../../../node_modules/express/index.js",
      "file": "express.js",
      "fileHash": "6121a39c",
      "needsInterop": true
    },
    "rxjs": {
      "src": "../../../../../../node_modules/rxjs/dist/cjs/index.js",
      "file": "rxjs.js",
      "fileHash": "a941f5cc",
      "needsInterop": true
    },
    "uuid": {
      "src": "../../../../../../node_modules/uuid/dist-node/index.js",
      "file": "uuid.js",
      "fileHash": "0adea9fd",
      "needsInterop": false
    },
    "zone.js/node": {
      "src": "../../../../../../node_modules/zone.js/fesm2015/zone-node.js",
      "file": "zone__js_node.js",
      "fileHash": "be40189d",
      "needsInterop": true
    }
  },
  "chunks": {
    "xhr2-WBTWOK2V": {
      "file": "xhr2-WBTWOK2V.js"
    },
    "chunk-TTURRUNO": {
      "file": "chunk-TTURRUNO.js"
    },
    "chunk-O3OJQIF7": {
      "file": "chunk-O3OJQIF7.js"
    },
    "chunk-OFY7LTM4": {
      "file": "chunk-OFY7LTM4.js"
    },
    "chunk-CDIKPXYR": {
      "file": "chunk-CDIKPXYR.js"
    },
    "chunk-WQ4RIMB2": {
      "file": "chunk-WQ4RIMB2.js"
    },
    "chunk-5PXPBMIE": {
      "file": "chunk-5PXPBMIE.js"
    },
    "chunk-TGPXMREW": {
      "file": "chunk-TGPXMREW.js"
    },
    "chunk-ILK4WD6L": {
      "file": "chunk-ILK4WD6L.js"
    },
    "chunk-JWQQKAVM": {
      "file": "chunk-JWQQKAVM.js"
    },
    "chunk-WGRCPX6P": {
      "file": "chunk-WGRCPX6P.js"
    },
    "chunk-YHCV7DAQ": {
      "file": "chunk-YHCV7DAQ.js"
    }
  }
}